0	1	2	3	4	5	6	7	8	9	10	11	12	13	14	15	16	17	18
0.20276100086281276	0.04378818737270876	4.257790368271955	2.0642201834862384	1.512396694214876	1.0556492411467115	0.12379110251450677	4.695744680851064	0.9737991266375546	10.657754010695188	0.010723860589812333	0.9586776859504132	0.14695340501792115	1.7362637362637363	0.17338709677419356	0.1076923076923077	0.08743169398907104	0.21978021978021978	0.717391304347826
0.009490940465918895	0.03665987780040733	0.0113314447592068	0.12691131498470948	0.01487603305785124	0.003372681281618887	0.025145067698259187	0.002127659574468085	0.017467248908296942	0.026737967914438502	0.0160857908847185	0	0.44086021505376344	0.007326007326007326	0.04838709677419355	0.21025641025641026	0.15300546448087432	28.417582417582416	0
0.011216566005176879	0.025458248472505093	0.009915014164305949	0.0015290519877675841	0.001652892561983471	0	0.0019342359767891683	0	0.004366812227074236	0	0	0.013774104683195593	0.9175627240143369	0	2.870967741935484	4.430769230769231	0	0	0.021739130434782608
0.07851596203623813	0.22606924643584522	2.398016997167139	0.013761467889908258	0.04628099173553719	17.016863406408095	0.17794970986460348	4.4361702127659575	0.034934497816593885	2.767379679144385	0.045576407506702415	2.2506887052341598	0.05734767025089606	0.24175824175824176	0.10080645161290322	0.14358974358974358	0.01092896174863388	0.15384615384615383	0
0.7765314926660914	0.021384928716904276	0.18413597733711048	4.613149847094801	0.1371900826446281	0.4654300168634064	1.0909090909090908	1.4829787234042553	2.1746724890829694	0.7085561497326203	0.3378016085790885	0.1652892561983471	0.1111111111111111	0.37362637362637363	0.024193548387096774	0.37435897435897436	0.18032786885245902	0.0989010989010989	0.9130434782608695
0.005176876617773943	1.0539714867617107	0.009915014164305949	0.0045871559633027525	0.009917355371900827	0.006745362563237774	0.06963249516441006	0.019148936170212766	0.006550218340611353	0.016042780748663103	0.010723860589812333	0.013774104683195593	0	0.029304029304029304	0	0	9.792349726775956	0.01098901098901099	0.1956521739130435
5.7368421052631575	2.625254582484725	1.1628895184135977	8.477064220183486	0.9504132231404959	0.6323777403035413	0.7021276595744681	1.1893617021276597	14.301310043668122	2.877005347593583	0.24396782841823056	0.8181818181818182	0.33691756272401435	6.787545787545787	0.2782258064516129	0.35384615384615387	1.1202185792349726	0.8241758241758241	6.5
0.006902502157031924	3.3431771894093685	0.014164305949008499	0.009174311926605505	0.02975206611570248	0.025295109612141653	0.1218568665377176	0.04042553191489362	0.002183406113537118	0.008021390374331552	0.058981233243967826	0.01928374655647383	0.010752688172043012	0.007326007326007326	0.04838709677419355	0.005128205128205128	16.868852459016395	0	0.5869565217391305
0.015530629853321829	3.8727087576374744	0.007082152974504249	0.0030581039755351682	0.013223140495867768	0.011804384485666104	0.7117988394584139	0.019148936170212766	0.002183406113537118	0.0053475935828877	0.19302949061662197	0.005509641873278237	0.22580645161290322	0.01098901098901099	0.03225806451612903	0.041025641025641026	7.590163934426229	0.8021978021978022	0.6086956521739131
3.9283865401207936	5.704684317718941	2.168555240793201	0.9220183486238532	0.46942148760330576	2.3524451939291735	17.054158607350097	2.8404255319148937	1.648471615720524	1.6898395721925135	26.316353887399465	3.002754820936639	3.4050179211469533	0.7216117216117216	4.516129032258065	1.9230769230769231	4.978142076502732	3.7032967032967035	3.0434782608695654
0.22605694564279552	0.23116089613034624	0.06232294617563739	0.25840978593272174	0.16033057851239668	0.07082630691399663	7.382978723404255	0.07872340425531915	0.3296943231441048	0.05080213903743316	2.5683646112600536	0.06611570247933884	0.12544802867383512	0.23076923076923078	0.1532258064516129	0.12307692307692308	3.240437158469945	0.4175824175824176	0.2826086956521739
0.005176876617773943	0.007128309572301426	0.007082152974504249	0.0045871559633027525	0.003305785123966942	0	0.019342359767891684	0.00425531914893617	0.004366812227074236	0.00267379679144385	0.005361930294906167	0	0.6594982078853047	0.018315018315018316	0.024193548387096777	0.6717948717948717	0.01092896174863388	10.010989010989011	0.021739130434782608
1.004314063848145	0.5132382892057027	1.0779036827195467	0.5458715596330275	3.4644628099173556	1	0.5338491295938105	0.8595744680851064	0.26419213973799127	0.24064171122994651	1.386058981233244	0.42424242424242425	0.08602150537634409	13.604395604395604	0.09274193548387097	0.11794871794871795	0.8852459016393442	0.42857142857142855	0.5
0.13891285591026747	0.03360488798370672	0.5949008498583569	0.2966360856269113	0.5586776859504132	0.3406408094435076	0.07543520309477757	0.3127659574468085	0.16375545851528384	0.6256684491978609	0.064343163538874	1.159779614325069	0.0967741935483871	0.4468864468864469	0.14112903225806453	0.1641025641025641	0.17486338797814208	0.04395604395604396	0.08695652173913043
1.5038826574633304	0.7006109979633401	2.1926345609065154	2.555045871559633	1.687603305785124	1.4620573355817876	10.06769825918762	2.7212765957446807	2	2.732620320855615	3.310991957104558	1.303030303030303	1.7025089605734767	1.9304029304029304	1.6088709677419355	1.5076923076923077	3.1748633879781423	1.8131868131868132	2.0434782608695654
0.12079378774805867	0.015274949083503055	0.5169971671388102	0.18807339449541285	1.0214876033057851	0.23440134907251264	0.025145067698259187	0.3446808510638298	0.2903930131004367	0.2620320855614973	0.00804289544235925	0.17079889807162535	0.02867383512544803	0.4652014652014652	0.05241935483870968	0.046153846153846156	0.01092896174863388	0.04395604395604396	0.13043478260869565
0.9197584124245038	1.2932790224032586	0.24504249291784702	5.027522935779817	2.1140495867768596	0.25126475548060706	1.6595744680851063	1.2319148936170212	2.609170305676856	0.8475935828877005	0.5201072386058981	0.21763085399449036	0.1039426523297491	4.318681318681318	0.23387096774193547	0.18974358974358974	1.8087431693989071	2.6483516483516483	1.891304347826087
3.078515962036238	0.47046843177189407	2.640226628895184	8.811926605504587	1.4016528925619836	5.718381112984823	0.9922630560928434	26.329787234042552	8.506550218340612	4.633689839572193	0.5764075067024129	3.327823691460055	0.44802867383512546	4.706959706959707	1.3911290322580645	0.19487179487179487	2.191256830601093	0.43956043956043966	3.108695652173913
0.07937877480586712	1.0570264765784114	0.03824362606232295	0.05045871559633028	0.24958677685950414	0.016863406408094434	0.2514506769825919	0.06382978723404255	0.05458515283842795	0.053475935828877004	0.08847184986595175	0.024793388429752067	14.956989247311828	0.9560439560439561	1.2419354838709677	20.83076923076923	1.830601092896175	0.07692307692307693	0.043478260869565216
0	0	0.00141643059490085	0	0	0.0016863406408094434	0	0.002127659574468085	0	0	0	0	0	0	0	0	0	5.516483516483516	0
0.35806729939603105	0.024439918533604887	1.4957507082152974	1.003058103975535	1.2942148760330578	1.136593591905565	0.09284332688588008	4.114893617021276	0.7205240174672489	7.4171122994652405	0.013404825737265416	1.2369146005509641	0.05734767025089607	0.304029304029304	0.0846774193548387	0.07179487179487179	0.060109289617486336	0.16483516483516486	0.3260869565217392
1.993097497842968	0.164969450101833	2.3810198300283285	1.157492354740061	0.9057851239669421	3.0168634064080946	0.048355899419729204	4.1191489361702125	1.8100436681222707	1.195187165775401	0.07238605898123325	1.3498622589531681	0.10752688172043011	0.5677655677655677	0.08064516129032258	0.31794871794871793	0.09289617486338798	0.26373626373626374	1.2608695652173914
3.472821397756687	0.6446028513238289	1.424929178470255	2.6819571865443423	0.5768595041322314	2.794266441821248	0.09477756286266925	4.951063829787234	2.6943231441048034	1.6577540106951871	0.128686327077748	1.2727272727272727	0.17921146953405018	0.6776556776556777	0.24596774193548387	0.4512820512820513	0.7978142076502732	0.27472527472527475	3.0217391304347827
0.011216566005176877	0.7566191446028513	0.00424929178470255	0.0764525993883792	0.019834710743801654	0.008431703204047217	5.491295938104448	0.0425531914893617	0.028384279475982533	0.0106951871657754	1.7774798927613942	0.013774104683195593	0.14695340501792115	0.01098901098901099	0.00806451612903226	0.158974358974359	14.683060109289617	0.43956043956043955	0.2826086956521739
0.364106988783434	0.04175152749490835	1.2110481586402266	0.2889908256880734	1.3206611570247935	0.8785834738617201	0.40618955512572535	3.1404255319148935	0.3165938864628821	1.1978609625668448	0.30563002680965146	0.7603305785123967	0.07885304659498207	0.3516483516483517	0.125	0.14871794871794872	0.07650273224043716	0.4945054945054945	0.391304347826087
1.4797238999137188	0.05702647657841141	0.3002832861189802	1.1590214067278288	0.2628099173553719	0.20236087689713322	0.23017408123791103	0.2127659574468085	2.2838427947598254	0.34759358288770054	0.16085790884718498	0.18457300275482094	0.12903225806451613	0.15384615384615385	0.18951612903225806	0.1282051282051282	0.19672131147540983	0.15384615384615385	1.7826086956521738
0	0	0.00424929178470255	0.0015290519877675841	0.03140495867768595	0.0016863406408094434	0.0038684719535783366	0.002127659574468085	0.004366812227074236	0	0.002680965147453083	0.0027548209366391185	0.0035842293906810036	1.5934065934065933	0.008064516129032258	0.010256410256410256	0	0	0
0.013805004314063845	0.43584521384928715	0.0113314447592068	0.009174311926605505	0.011570247933884297	0.026981450252951095	4.290135396518375	0.00851063829787234	0.006550218340611355	0	7.3646112600536195	0.008264462809917356	0.6989247311827957	0.003663003663003663	0.09677419354838708	0.09743589743589744	4.557377049180328	0.5934065934065934	0
1.0603968938740294	0.7688391038696538	0.8498583569405099	0.0581039755351682	0.45289256198347105	1.2259696458684655	0.7156673114119922	0.6957446808510638	0.5851528384279476	0.24064171122994651	1.4852546916890081	0.8705234159779615	1.1756272401433692	0.16483516483516483	0.18951612903225806	0.6205128205128205	1.0218579234972678	9.615384615384615	0.9347826086956522
0.23468507333908542	0.021384928716904276	0.015580736543909348	0.5474006116207951	0.12231404958677686	0.048903878583473864	4.388781431334623	0.05106382978723404	0.1812227074235808	0.07754010695187166	0.8739946380697051	0.03581267217630854	0.1003584229390681	0.20512820512820512	0.6814516129032258	0.09230769230769231	3.098360655737705	22.67032967032967	0.4782608695652174
0.0025884383088869713	0.004073319755600814	0.00424929178470255	0	0	0	0.005802707930367505	0	0.004366812227074236	0	0.005361930294906166	0.0027548209366391185	0.08960573476702509	0	5.108870967741935	0.05641025641025641	0.00546448087431694	0.16483516483516483	0
0.359792924935289	0.09368635437881874	8.128895184135978	2.418960244648318	0.9884297520661157	2.72681281618887	0.7659574468085106	36.05957446808511	2.1004366812227073	12.79144385026738	0.3485254691689008	2.165289256198347	0.6200716845878136	0.9743589743589743	0.7379032258064516	1.3333333333333333	0.2459016393442623	0.5054945054945055	1.391304347826087
0.16566005176876616	46.89103869653768	0.03824362606232295	0.0045871559633027525	0.08760330578512397	0.163575042158516	0.07736943907156674	0.00425531914893617	0.017467248908296942	0.013368983957219251	0.19571045576407506	0.1322314049586777	0.4157706093189963	0.08424908424908426	0.07258064516129033	0.15384615384615385	2.0054644808743167	0.054945054945054944	5.891304347826087
0.8360655737704918	210.0692464358452	0.19405099150141644	0.022935779816513763	0.428099173553719	0.7925801011804384	0.5473887814313346	0.05319148936170212	0.13973799126637554	0.01871657754010695	1.3458445040214477	0.49586776859504134	1.6093189964157706	0.27106227106227104	0.911290322580645	0.9948717948717949	11.819672131147541	0.5824175824175825	36.391304347826086
0.25970664365832613	80.85132382892057	0.11756373937677053	0.0045871559633027525	0.17355371900826447	0.209106239460371	0.23597678916827852	0.01702127659574468	0.08296943231441048	0.00267379679144385	0.3941018766756032	0.14049586776859505	0.4982078853046595	0.14285714285714285	0.3387096774193548	0.39487179487179486	6.48087431693989	0.16483516483516486	11.195652173913043
0.03882657463330457	1.310590631364562	0.00141643059490085	0.17889908256880735	0.0512396694214876	0.09106239460370995	4.529980657640232	0.036170212765957444	0.006550218340611353	0.040106951871657755	3.742627345844504	0.005509641873278237	0.06810035842293907	0.02197802197802198	0.012096774193548387	0.10256410256410256	15.759562841530055	0.02197802197802198	0.782608695652174
0.0025884383088869713	0.006109979633401222	0.0056657223796034	0.00764525993883792	0.0049586776859504135	0.006745362563237774	3.9845261121856868	0.00851063829787234	0.004366812227074236	0.00267379679144385	0.7667560321715817	0	0.007168458781362007	0.003663003663003663	0.004032258064516129	0.06153846153846153	0.3989071038251366	0	0.08695652173913043
17.773080241587575	0.4775967413441955	11.11614730878187	22.377675840978593	10.527272727272727	22.743676222596964	0.6518375241779497	29.082978723404256	19.534934497816593	20.147058823529413	0.4691689008042895	6.911845730027548	0.5376344086021505	5.326007326007326	1.2943548387096775	1.1333333333333333	0.26229508196721313	1.9230769230769231	16.217391304347824
9.404659188955996	0.17006109979633402	5.046742209631728	22.389908256880734	13.925619834710744	4.885328836424958	0.4738878143133462	12.774468085106383	28.29475982532751	11.631016042780749	0.2975871313672922	3.0330578512396693	0.4014336917562724	19.67032967032967	0.6693548387096774	0.8769230769230769	0.14207650273224043	1.8241758241758241	10.23913043478261
0.29680759275237273	81.64154786150714	0.22237960339943344	0.0030581039755351682	0.17024793388429751	0.22934232715008432	0.16054158607350097	0.01702127659574468	0.08296943231441048	0.00267379679144385	0.5308310991957105	0.19834710743801653	0.8315412186379928	0.10622710622710622	0.34274193548387094	0.3641025641025641	2.6174863387978142	0.18681318681318684	8.608695652173912
32.339085418464194	1.1232179226069245	1.8951841359773371	30.275229357798164	8.37685950413223	3.163575042158516	5.818181818181818	2.6404255319148935	24.75764192139738	3.03475935828877	2.5308310991957104	2.7107438016528924	1.3835125448028673	20.007326007326007	1.0887096774193548	1.5794871794871794	3.5027322404371586	4.263736263736264	24.543478260869566
0.007765314926660914	0.04684317718940937	0.0084985835694051	0.0030581039755351682	0.08760330578512397	0.013490725126475547	2.520309477756286	0.02553191489361702	0.013100436681222707	0.021390374331550808	1.0187667560321716	0.005509641873278238	10.268817204301076	0.029304029304029304	2.5766129032258065	6.774358974358974	0.16393442622950818	0.14285714285714285	0.17391304347826086
0.015530629853321829	0.06415478615071284	0.0906515580736544	0.0581039755351682	0.05619834710743802	0.003372681281618887	0.31334622823984526	0.03404255319148936	0.028384279475982533	0.10427807486631016	0.19839142091152814	0.013774104683195593	90.6236559139785	0.05128205128205128	0.45564516129032256	7.292307692307692	0.41530054644808745	0.04395604395604396	0.06521739130434784
0.003451251078515962	0.009164969450101833	0.015580736543909348	0.024464831804281346	0.021487603305785124	0	0.005802707930367505	0.01276595744680851	0.006550218340611353	0.01871657754010695	0.005361930294906166	0.008264462809917356	26.56272401433692	0.02197802197802198	0.10887096774193548	3.651282051282051	0.01092896174863388	0	0
0.004314063848144953	0.016293279022403257	0.009915014164305949	0.0045871559633027525	0.009917355371900827	0.00505902192242833	0.11992263056092843	0.002127659574468085	0.004366812227074236	0.0053475935828877	0.045576407506702415	0	5.422939068100359	0.007326007326007326	6.012096774193548	3.8512820512820514	0.00546448087431694	0	0.04347826086956523
0.12510785159620363	0.09368635437881874	0.09915014164305949	0.191131498470948	0.2611570247933884	0.07588532883642496	0.5551257253384912	0.16382978723404254	0.1222707423580786	0.07754010695187166	0.10991957104557641	0.07162534435261708	23.892473118279568	0.1794871794871795	0.9838709677419355	6.835897435897436	0.13114754098360656	0.07692307692307693	0.21739130434782608
0.028472821397756688	0.12016293279022404	0.019830028328611898	0.009174311926605505	0.11735537190082644	0.01011804384485666	0.12379110251450677	0.08297872340425531	0.010917030567685589	0.0427807486631016	0.029490616621983913	0.013774104683195593	27.086021505376344	0.1391941391941392	1.435483870967742	7.266666666666667	0.03825136612021858	0	0.021739130434782608
0.005176876617773943	0.025458248472505093	0.0226628895184136	0.009174311926605505	0.013223140495867768	0.0016863406408094434	0.013539651837524178	0.019148936170212766	0.017467248908296942	0.008021390374331552	0.005361930294906166	0.0027548209366391185	21.799283154121863	0	0.12096774193548387	0.358974358974359	0.01639344262295082	0.01098901098901099	0
0.3882657463330457	98.74745417515275	0.18696883852691218	0.01834862385321101	0.20826446280991737	0.40978077571669475	0.34622823984526113	0.031914893617021274	0.10043668122270742	0.016042780748663103	0.6112600536193029	0.31129476584022037	0.5627240143369175	0.11355311355311355	0.36693548387096775	0.6410256410256411	11.524590163934427	0.27472527472527475	15.326086956521738
0.08283002588438308	23.036659877800407	0.06232294617563739	0.012232415902140673	0.0512396694214876	0.06070826306913996	0.08123791102514506	0.00425531914893617	0.010917030567685589	0.008021390374331552	0.14745308310991956	0.04132231404958678	0.16487455197132617	0.02564102564102564	0.09274193548387097	0.07179487179487179	5.2076502732240435	0.07692307692307693	3.0217391304347827
0.17515099223468508	44.57026476578412	0.11614730878186968	0.010703363914373088	0.5008264462809917	0.20067453625632378	0.32108317214700194	0.05319148936170213	0.07860262008733625	0.013368983957219251	0.34584450402144773	0.15702479338842976	0.2939068100358423	1.0842490842490842	0.15725806451612903	0.16923076923076924	11.218579234972678	0.04395604395604396	6.478260869565218
12.614322691975842	0.5112016293279023	23.745042492917847	12.51223241590214	17.73388429752066	15.76053962900506	1.0773694390715667	20.525531914893616	20.98471615720524	18.318181818181817	0.5361930294906166	16.641873278236915	0.7885304659498208	14	1.6411290322580645	2.2	0.16393442622950818	2.142857142857143	11.608695652173912
0.5418464193270061	0.003054989816700611	0.21388101983002833	6.414373088685015	0.35206611570247937	0.13659359190556492	0.059961315280464215	0.16170212765957448	2.1986899563318776	0.48128342245989303	0.010723860589812333	0.0743801652892562	0.05376344086021505	0.4432234432234432	0.020161290322580645	0.020512820512820513	0.01092896174863388	0.16483516483516483	0.4782608695652174
0.7204486626402071	196.24338085539713	0.19971671388101983	0.06269113149847094	0.42479338842975206	0.6913996627318718	0.7156673114119922	0.08936170212765958	0.12445414847161572	0.0481283422459893	1.3994638069705094	0.46005509641873277	1.673835125448029	0.22344322344322345	0.8024193548387096	0.8974358974358972	47.191256830601105	0.6813186813186813	34.08695652173913
0.8533218291630716	199.18126272912423	0.5226628895184136	0.09480122324159021	0.6115702479338843	0.8853288364249579	0.6479690522243714	0.16170212765957448	0.26200873362445415	0.08288770053475936	1.6193029490616622	0.6170798898071626	1.6487455197132617	0.2783882783882784	1.1330645161290325	0.8871794871794871	78.37704918032787	0.8461538461538461	35.65217391304348
0.12338222605694564	23.485743380855396	0.03824362606232295	0	0.0512396694214876	0.11129848229342328	0.05222437137330754	0.006382978723404255	0.026200873362445413	0.005347593582887702	0.14745308310991956	0.06887052341597796	0.13620071684587814	0.02564102564102564	0.08064516129032258	0.13846153846153847	1.8743169398907105	0.07692307692307693	3.391304347826087
1.4452113891285592	0.335030549898167	0.9985835694050992	1.4617737003058104	1.0479338842975208	0.9477234401349073	1.793036750483559	2.6106382978723404	2.7729257641921397	1.358288770053476	1.0670241286863271	0.6363636363636364	2.774193548387097	1.6666666666666667	2.181451612903226	1.2512820512820513	1.3114754098360655	27.483516483516482	1.326086956521739
1.1466781708369285	0.7953156822810591	1.1218130311614731	2.6559633027522938	1.034710743801653	0.9308600337268128	13.69825918762089	2.342553191489362	1.443231441048035	2.2192513368983957	2.715817694369973	1.0413223140495869	3.218637992831541	1.8278388278388278	3.435483870967742	5.558974358974359	8.382513661202186	50.0989010989011	1.8695652173913044
0.8912855910267472	0.22097759674134418	0.00141643059490085	0.09174311926605505	0.08760330578512397	0.08768971332209108	3.8800773694390718	0.010638297872340425	0.05021834061135372	0.0106951871657754	6.946380697050938	0.013774104683195593	1.7347670250896057	1.10989010989011	0.14919354838709678	1.4205128205128208	1.3989071038251366	0.43956043956043955	0.10869565217391304
0.027610008628127698	0.021384928716904276	0.0056657223796034	0.0030581039755351682	0.0049586776859504135	0.023608768971332208	0.0735009671179884	0.02553191489361702	0.039301310043668124	0.008021390374331552	0.01876675603217158	0.027548209366391185	0.13620071684587814	0	5.443548387096774	0.21025641025641026	0.06557377049180328	1.3736263736263736	0.04347826086956523
0.008628127696289905	0.016293279022403257	0.0084985835694051	0.009174311926605505	0.006611570247933884	0.0016863406408094434	0.030947775628626693	0.002127659574468085	0.013100436681222707	0.0053475935828877	0.005361930294906166	0.0027548209366391185	7.39426523297491	0.018315018315018316	0.33870967741935476	5.517948717948718	0	0.07692307692307693	0.10869565217391304
0.001725625539257981	0.048879837067209775	0.018413597733711047	0.0030581039755351682	0.006611570247933884	0.00505902192242833	0.9439071566731141	0.03404255319148936	0.002183406113537118	0.2914438502673797	0.28150134048257375	0.011019283746556474	0.03225806451612903	0.018315018315018316	7.403225806451613	0.19487179487179487	2.6721311475409837	0.3516483516483517	0.10869565217391304
0.009490940465918895	0.5977596741344195	0.009915014164305949	0.009174311926605505	0.021487603305785124	0.01686340640809443	4.528046421663443	0	0.013100436681222707	0.005347593582887702	3.013404825737265	0.008264462809917356	2.347670250896057	0.007326007326007326	0.5120967741935484	1.0717948717948718	1.633879781420765	0.01098901098901099	0.13043478260869565
0.47886108714408976	0.09572301425661914	0.3328611898016997	0.2996941896024465	0.3586776859504132	0.5160202360876898	0.48936170212765956	0.46382978723404256	0.39737991266375544	0.3315508021390374	0.46648793565683644	3.5041322314049586	0.5555555555555556	0.652014652014652	0.3629032258064516	0.35384615384615387	0.44808743169398907	0.5934065934065934	0.32608695652173914
0.04831751509922347	0.05295315682281059	1.2705382436260624	0.5519877675840978	2.1586776859504133	0.9881956155143339	0.05609284332688588	0.902127659574468	0.1091703056768559	1.8877005347593583	0.002680965147453083	0.38292011019283745	0.06093189964157706	0.17582417582417584	0.016129032258064516	0.05128205128205128	0.08743169398907104	0.07692307692307693	0.2391304347826087
0.027610008628127698	0.0539714867617108	2.276203966005666	0.0856269113149847	0.10909090909090909	2.851602023608769	0.3056092843326886	20.378723404255318	0.15502183406113537	8.29144385026738	0.04289544235924933	2.71900826446281	0.14695340501792115	0.10256410256410256	0.04032258064516129	0.08717948717948718	0.08196721311475409	0.06593406593406594	0.1956521739130435
0.5202761000862812	0.3391038696537678	1.8356940509915014	0.2324159021406728	0.8545454545454545	1.4536256323777403	0.379110251450677	1.1063829787234043	0.5152838427947598	0.9705882352941176	0.4879356568364611	2.3636363636363638	0.8207885304659498	0.38095238095238093	0.5725806451612904	0.6717948717948717	0.546448087431694	0.46153846153846156	0.45652173913043476
1.4262295081967213	0.21384928716904278	1.848441926345609	0.38685015290519875	1.2363636363636363	2.0101180438448565	0.04448742746615087	2.2574468085106383	1.0218340611353711	1.1550802139037433	0.03753351206434316	2.4931129476584024	0.04659498207885305	1.098901098901099	0.13306451612903225	0.11794871794871795	0.273224043715847	0.21978021978021978	0.9130434782608695
0.24935289042277825	1.2820773930753564	0.0084985835694051	0.04434250764525994	0.008264462809917356	0.01854974704890388	1.3462282398452612	0.00425531914893617	0.030567685589519656	0.0106951871657754	3.5093833780160857	0.008264462809917357	0.007168458781362007	0.018315018315018316	0.004032258064516129	0.010256410256410256	11.289617486338798	0	0.6521739130434783
0.07765314926660914	0.003054989816700611	1.1657223796033995	0.3348623853211009	1.7818181818181817	0.12478920741989882	0.029013539651837523	3.5659574468085107	0.5589519650655022	1.0026737967914439	0.002680965147453083	0.26721763085399447	0.025089605734767026	0.358974358974359	0.024193548387096777	0.035897435897435895	0.01092896174863388	0.27472527472527475	0.13043478260869565
3.1294219154443486	0.19959266802443992	2.6104815864022664	1.107033639143731	1.771900826446281	3.9763912310286678	0.26305609284332687	3.5893617021276594	2.1048034934497815	3.2887700534759357	0.34316353887399464	3.090909090909091	0.06810035842293907	1.652014652014652	0.18548387096774194	0.18461538461538463	0.16393442622950818	0.14285714285714288	2.282608695652174
1.4987057808455566	0.8574338085539714	0.16288951841359772	2.948012232415902	3.0710743801652893	0.3794266441821248	4.640232108317215	1.3085106382978724	0.8777292576419214	1.7433155080213905	3.0750670241286864	0.31955922865013775	3.3548387096774195	4.816849816849817	2.963709677419355	2.6974358974358976	2.633879781420765	3.8461538461538463	1.6956521739130435
0.05263157894736842	0.014256619144602852	1.498583569405099	0.10091743119266056	0.10743801652892562	0.6172006745362564	0.04061895551257253	0.8446808510638298	0.048034934497816595	1.2272727272727273	0.005361930294906166	0.6528925619834711	0.021505376344086023	0.315018315018315	0.29435483870967744	0.015384615384615385	0.00546448087431694	0.08791208791208792	0.10869565217391304
0.010353753235547885	0.04073319755600815	0.014164305949008499	0.013761467889908258	0.009917355371900827	0.006745362563237774	0.04448742746615087	0.004255319148936171	0.03056768558951965	0.008021390374331552	0.06970509383378017	0.008264462809917356	4.358422939068101	0.003663003663003663	15.879032258064516	3.0615384615384613	0.00546448087431694	2.857142857142857	0.1521739130434783
0.16566005176876616	0.9653767820773931	0.7110481586402266	0.14220183486238533	0.5867768595041323	0.5379426644182125	0.8007736943907157	2.4659574468085106	0.4497816593886463	0.45187165775401067	0.43967828418230565	0.4628099173553719	1.6774193548387097	0.673992673992674	2.7096774193548385	7.251282051282051	0.8961748633879781	0.46153846153846156	0.32608695652173914
0.001725625539257981	0.006109979633401223	0.0028328611898017	0.0030581039755351682	0	0	0.025145067698259187	0	0.010917030567685589	0	0.10723860589812333	0	0.035842293906810034	0.018315018315018316	3.9233870967741935	0.6	0.00546448087431694	0	0.043478260869565216
1.6842105263157894	0.0835030549898167	0.032577903682719546	0.40672782874617736	0.7256198347107438	0.021922428330522766	0.058027079303675046	0.1851063829787234	1.4890829694323144	0.026737967914438502	0.09919571045576407	0.046831955922865015	0.13620071684587814	2.5347985347985347	5.44758064516129	0.7897435897435897	0.06557377049180328	1.0879120879120878	1.1956521739130435
0	0.009164969450101833	0.00141643059490085	0.0015290519877675841	0	0	0	0	0	0.00267379679144385	0.002680965147453083	0	0.03225806451612903	0	0.012096774193548387	0.02564102564102564	0.01092896174863388	4.538461538461538	0
1.2355478861087144	0.004073319755600814	0.015580736543909348	2.235474006116208	0.14049586776859505	0.023608768971332208	0.023210831721470024	0.03404255319148936	1.4061135371179039	0.07754010695187166	0.01876675603217158	0.024793388429752067	0.025089605734767026	1.1611721611721613	0.036290322580645164	0.035897435897435895	0.01092896174863388	0.3076923076923077	1.3043478260869565
0.0025884383088869713	0.0050916496945010185	0.00424929178470255	0.009174311926605505	0.003305785123966942	0	0.007736943907156673	0	0	0.00267379679144385	0.00804289544235925	0.0027548209366391185	0.03225806451612903	0.003663003663003663	5.709677419354839	0.010256410256410256	0.00546448087431694	0	0.10869565217391304
0.004314063848144953	0.10896130346232179	0.012747875354107652	0.01529051987767584	0.013223140495867768	0.0016863406408094434	0.46421663442940037	0.023404255319148935	0.015283842794759825	0.008021390374331552	0.005361930294906166	0.0027548209366391185	18.781362007168457	0.014652014652014652	0.18548387096774194	2.466666666666667	2.360655737704918	0.032967032967032975	0
18.42622950819672	46.16700610997963	14.68413597733711	10.253822629969418	11.669421487603305	19.84148397976391	28.46228239845261	10.957446808510639	11.510917030567686	10.10427807486631	22.882037533512065	18.983471074380166	28.405017921146953	19.12087912087912	27.483870967741936	45.18974358974359	33.33879781420765	123.18681318681318	21.76086956521739
0.17860224331320104	0.07230142566191446	0.4830028328611898	0.4235474006116208	0.3867768595041322	0.26812816188870153	0.5705996131528046	1.0851063829787233	0.537117903930131	0.7513368983957219	0.1903485254691689	0.2396694214876033	0.035842293906810034	0.4065934065934066	0.04435483870967742	0.046153846153846156	0.31693989071038253	6.351648351648351	0.1956521739130435
0.9042277825711821	0.09164969450101833	3.8257790368271953	5.105504587155964	2.459504132231405	3.258010118043845	5.408123791102515	3.223404255319149	0.6615720524017468	9.363636363636363	0.9839142091152815	4.24793388429752	0.14695340501792115	7.7032967032967035	0.23790322580645162	0.23076923076923078	0.14207650273224043	0.4725274725274725	1.2826086956521738
0.4659188955996549	0.09470468431771895	0.029745042492917848	2.9694189602446484	0.17851239669421487	0.01517706576728499	0.05222437137330755	0.1829787234042553	1.1812227074235808	0.12299465240641713	0.27882037533512066	0.027548209366391185	0.014336917562724014	0.8095238095238095	0.004032258064516129	0.010256410256410258	0.6010928961748634	0.10989010989010989	0.30434782608695654
2.5910267471958583	0.24745417515274948	0.25920679886685555	4.755351681957187	0.11735537190082644	0.25126475548060706	0.5125725338491296	0.26595744680851063	3.7598253275109172	0.10962566844919786	0.7533512064343163	0.1790633608815427	1.4336917562724014	0.7252747252747253	1.7862903225806452	0.5128205128205128	0.5409836065573771	2.087912087912088	2.1956521739130435
0.08973252804141502	0.007128309572301426	6.186968838526912	3.1529051987767582	0.05785123966942149	0.627318718381113	0.07156673114119923	3.8382978723404255	0.9672489082969432	5.8449197860962565	0	0.7162534435261708	0.08960573476702509	0.63003663003663	0.10080645161290322	0.06666666666666667	0.07103825136612021	0.16483516483516483	0.28260869565217395
2.5582398619499567	0.2729124236252546	4.990084985835694	0.9097859327217125	2.887603305785124	13.644182124789207	0.1218568665377176	4.342553191489362	1.0960698689956332	4.572192513368984	0.11796246648793565	3.4325068870523414	0.17562724014336917	2.5934065934065935	0.3225806451612903	0.38974358974358975	0.0546448087431694	0.32967032967032966	1.8695652173913044
20.654012079378774	6.959266802443992	24.05240793201133	6.123853211009174	8.307438016528925	32.602023608768974	13.328820116054159	29.146808510638298	13.069868995633188	8.574866310160427	13	14.774104683195592	17.70967741935484	9.6007326007326	13.298387096774194	28.743589743589745	16.065573770491802	11.461538461538462	15.369565217391305
2.823986194995686	0.015274949083503055	0.018413597733711047	3.827217125382263	0.023140495867768594	0.013490725126475547	0.2437137330754352	0.031914893617021274	3.96943231441048	0.0213903743315508	0.07506702412868632	0.04132231404958678	0.043010752688172046	1.032967032967033	0.04435483870967742	0.05641025641025641	0.3005464480874317	0.16483516483516486	3.0434782608695654
409.86540120793785	0.9358452138492872	1.6062322946175638	661.9204892966361	2.9322314049586775	1.5430016863406408	8.833655705996131	3.0361702127659576	606.2816593886463	5.745989304812834	8.943699731903484	6.570247933884297	7.387096774193547	4.186813186813187	6.322580645161289	5.364102564102564	2.07103825136612	17.58241758241758	405.7391304347826
1.0707506471095771	0.06517311608961303	1.7322946175637395	1.7324159021406729	2.6925619834710743	0.9494097807757167	0.2011605415860735	0.9106382978723404	3.146288209606987	0.8342245989304813	0.13404825737265416	0.5289256198347108	0.07526881720430108	1.2564102564102564	0.10483870967741936	0.14871794871794872	0.06557377049180328	0.3076923076923077	0.717391304347826
0.49784296807592754	11.139511201629327	0.2237960339943343	0.45718654434250766	0.3322314049586777	0.16020236087689713	14.796905222437138	0.35106382978723405	0.43013100436681223	0.09358288770053476	7.863270777479893	0.4793388429752066	2.5842293906810037	0.24175824175824176	0.7096774193548387	0.5487179487179488	20.6775956284153	0.42857142857142855	2.5217391304347827
29.557377049180328	2.1415478615071284	39.80736543909349	31.496941896024463	30.482644628099173	36.22259696458685	6.46615087040619	50.695744680851064	31.486899563318776	71.14973262032086	4.42627345844504	26.59504132231405	4.967741935483871	31.307692307692307	7.919354838709677	6.482051282051282	4.273224043715847	7.604395604395604	24.847826086956523
3.09404659188956	0.4093686354378819	1.113314447592068	1.04434250764526	0.11570247933884298	2.8566610455311974	0.05415860735009671	1.8340425531914895	1.3384279475982532	1.2620320855614973	0.10187667560321716	1.815426997245179	0.06451612903225806	1.249084249084249	0.13306451612903225	0.07692307692307693	0.03278688524590164	0.13186813186813187	2.0869565217391304
10.405522001725625	0.18126272912423624	1.7152974504249292	9.995412844036696	6.528925619834711	1.8735244519392917	0.31334622823984526	4.382978723404255	10.7117903930131	3.4946524064171123	0.4155495978552279	1.6143250688705235	1.2867383512544803	1.9597069597069596	0.6491935483870968	5.441025641025641	0.16393442622950818	0.9230769230769231	8.108695652173912
0.04227782571182054	0.12219959266802444	4.781869688385269	0.035168195718654434	1.3041322314049586	2.4080944350758853	0.39264990328820115	2.842553191489362	0.06768558951965066	5.588235294117647	0.15013404825737264	2.4600550964187327	0.21505376344086022	0.27472527472527475	0.24596774193548387	0.24615384615384617	0.29508196721311475	0.2857142857142857	0.15217391304347827
0.5323554788610871	0.48370672097759676	1.1062322946175638	1.0764525993883791	0.8165289256198347	0.8836424957841484	0.8878143133462283	0.8808510638297873	0.7991266375545851	1.0695187165775402	1.0107238605898123	6.305785123966942	2.010752688172043	0.673992673992674	1.4475806451612903	1.2820512820512822	1.1038251366120218	1.5934065934065933	0.6739130434782609
0.5228645383951682	1.7678207739307537	0.4490084985835694	0.40519877675840976	0.30247933884297523	0.6306913996627319	2.4177949709864603	0.3276595744680851	0.42139737991266374	0.3770053475935829	8.018766756032171	0.5757575757575758	0.3942652329749104	0.38461538461538464	1.0846774193548387	0.37948717948717947	0.8688524590163934	0.6153846153846154	0.45652173913043476
4.970664365832614	0.8879837067209776	0.7181303116147308	3.599388379204893	2.44297520661157	1.8870151770657673	1.9709864603481624	5.561702127659575	2.1331877729257642	2.7566844919786098	0.9946380697050938	1.7382920110192834	0.5125448028673835	1.5677655677655677	1.0403225806451613	0.8974358974358975	2.4153005464480874	2.5604395604395602	3.6739130434782608
2.096635030198447	1.105906313645621	9.31728045325779	1.4464831804281346	3.059504132231405	5.6256323777403034	3.127659574468085	4.217021276595744	2.6222707423580784	2.521390374331551	4.002680965147453	25.625344352617073	8.494623655913978	2.4432234432234434	6.576612903225806	6.066666666666666	3.2349726775956285	3.8351648351648353	1.5869565217391304
11.39344262295082	19.20264765784114	1.0254957507082152	6.0504587155963305	5.107438016528926	1.4873524451939293	15.475822050290136	2.9127659574468083	6.115720524017467	1.7165775401069518	12.152815013404826	2.4132231404958677	2.910394265232975	5.941391941391942	8.008064516129032	2.805128205128205	20.726775956284154	2.5164835164835164	12.065217391304348
0.003451251078515962	0.059063136456211814	0.00141643059490085	0.0045871559633027525	0.009917355371900827	0.006745362563237774	1.4758220502901354	0.010638297872340425	0.008733624454148471	0.005347593582887702	1.1876675603217157	0	0.8817204301075269	0.007326007326007326	5.778225806451613	0.13333333333333333	0.4644808743169399	0.1208791208791209	0.06521739130434784
0.9482312338222606	2.254582484725051	308.8130311614731	1.746177370030581	3.0066115702479337	111.46711635750421	3.526112185686654	72.68936170212766	2.7117903930131004	203.33957219251337	0.7774798927613941	20.308539944903583	2.4336917562724016	3.0842490842490844	7.435483870967742	5.661538461538462	0.546448087431694	7.835164835164835	6.739130434782608
1.3856773080241587	0.6435845213849287	3.3739376770538243	1.0886850152905199	1.709090909090909	2.7166947723440136	1.758220502901354	5.6063829787234045	0.8733624454148472	3.663101604278075	2.6621983914209117	1.5482093663911847	0.6989247311827957	5.706959706959707	6.512096774193548	2.1333333333333333	0.4972677595628415	0.45054945054945056	1.0869565217391304
1.3097497842968076	0.7627291242362525	0.5779036827195467	0.9770642201834863	1.3818181818181818	0.8887015177065767	2.0696324951644103	0.8787234042553191	0.6746724890829694	0.6711229946524064	1.871313672922252	0.5922865013774105	0.5448028673835126	3.5641025641025643	1.7258064516129032	0.4461538461538462	0.8360655737704918	1.4615384615384615	1.0869565217391304
0.22174288179465057	1.2973523421588595	0.7322946175637394	0.4938837920489297	0.06611570247933884	0.5227655986509275	0.8878143133462283	0.7319148936170212	0.07205240174672489	2.7754010695187166	0.613941018766756	0.34710743801652894	5	1.4395604395604396	5.342741935483871	7.374358974358974	1.3770491803278688	1.4945054945054945	0.1956521739130435
0.02070750647109577	0.17209775967413443	0.0169971671388102	0.016819571865443424	0.006611570247933884	0.0016863406408094434	0.22437137330754353	0.002127659574468085	0.004366812227074236	0.008021390374331552	0.3672922252010724	0.011019283746556474	2.078853046594982	0.01098901098901099	2.318548387096774	4.856410256410256	0.43169398907103823	0.30769230769230776	0.021739130434782608
0.15789473684210525	0.3380855397148676	0.046742209631728045	0.19418960244648317	0.08429752066115702	0.0269814502529511	3.0599613152804643	0.07234042553191489	0.3165938864628821	0.013368983957219251	2.9463806970509383	0.027548209366391185	3.978494623655914	0.040293040293040296	4.391129032258065	9.507692307692308	1.4480874316939891	0.9230769230769231	0.2608695652173913
0.25970664365832613	8.480651731160895	0.06232294617563739	0.12996941896024464	0.11074380165289256	0.09443507588532883	6.951644100580271	0.09574468085106383	0.15283842794759825	0.0481283422459893	12.865951742627345	0.08539944903581267	9.13978494623656	0.06593406593406594	8.866935483870968	16.84102564102564	8.442622950819672	1.0769230769230769	1.6521739130434783
3.1095772217428816	1.3370672097759675	0.9362606232294618	1.4128440366972477	0.1140495867768595	0.19561551433389546	0.13152804642166344	0.1595744680851064	4.0524017467248905	0.17914438502673796	0.05630026809651475	0.20110192837465565	0.26523297491039427	0.07692307692307693	0.14919354838709678	0.21025641025641026	5.442622950819672	0.0989010989010989	2.652173913043478
0.03192407247627265	0.04175152749490835	0.24504249291784702	0.021406727828746176	0.3140495867768595	0.26981450252951095	0.08897485493230174	0.9893617021276596	0.04585152838427948	0.21390374331550802	0.1876675603217158	0.09090909090909091	10.885304659498209	0.06593406593406592	4.935483870967742	13.564102564102564	0.01092896174863388	0.1978021978021978	0.06521739130434784
0.09318377911993098	0.006109979633401222	0.16572237960339944	0.27522935779816515	0.42479338842975206	0.1433389544688027	0.12765957446808507	4.917021276595745	0.17248908296943233	0.553475935828877	0.037533512064343154	0.09917355371900827	22.010752688172044	0.10622710622710622	0.1290322580645161	4.051282051282051	0.0273224043715847	0.2967032967032967	0.2391304347826087
1.4935289042277826	0.08044806517311609	0.35127478753541075	2.3211009174311927	0.31239669421487604	0.39291736930860033	6.437137330754352	0.502127659574468	2.087336244541485	0.8663101604278075	1.5415549597855227	0.36363636363636365	15.383512544802867	1.098901098901099	13.423387096774194	10.974358974358974	0.2677595628415301	0.08791208791208792	1.608695652173913
0.025021570319240724	0.0274949083503055	0.007082152974504249	0.0030581039755351682	0.10082644628099173	0.18549747048903875	0.16247582205029013	0.006382978723404256	0.013100436681222707	0.00267379679144385	0.128686327077748	0.07162534435261707	8.6415770609319	0.13553113553113552	0.2782258064516129	1.287179487179487	0.03278688524590164	0	0.021739130434782608
0.02329594477998274	0.045824847250509164	0.014164305949008499	0.0015290519877675841	0.01487603305785124	0.023608768971332208	0.009671179883945842	0.002127659574468085	0.02183406113537118	0.00267379679144385	0.008042895442359251	0.011019283746556474	1.8458781362007168	0.007326007326007326	0.23387096774193547	12.974358974358974	0	0.6263736263736264	0
0.13977566867989646	15.126272912423625	0.06373937677053824	0.04128440366972477	0.09752066115702479	0.10792580101180438	5.152804642166345	0.03829787234042553	0.06331877729257641	0.03208556149732621	4.841823056300268	0.05509641873278237	0.7168458781362007	0.05128205128205128	3.6330645161290325	0.3230769230769231	19.524590163934427	0.6153846153846154	2.4782608695652173
1.4245038826574634	0.08757637474541752	0.11189801699716714	0.8853211009174312	0.1652892561983471	0.14839797639123103	0.0425531914893617	1.278723404255319	0.6244541484716157	0.23529411764705882	0.058981233243967826	0.19008264462809918	17.225806451612904	0.29304029304029305	0.45161290322580644	2.1333333333333333	0.010928961748633882	0.2417582417582418	0.43478260869565216
2.2942191544434856	0.016293279022403257	0.0226628895184136	2.4403669724770642	0.021487603305785127	0.011804384485666104	0.030947775628626693	0.04468085106382979	4.0152838427947595	0.026737967914438502	0.03753351206434317	0.06611570247933884	0.1111111111111111	0.10622710622710622	0.06854838709677419	0.2717948717948718	0	0.16483516483516483	1.891304347826087
0.009490940465918895	0.05804480651731161	0.0169971671388102	0.0061162079510703364	0.0049586776859504135	0.008431703204047217	0.8626692456479691	0.006382978723404255	0.004366812227074236	0.00267379679144385	1.8284182305630028	0.008264462809917357	2.8637992831541217	0.01098901098901099	5.576612903225806	0.6666666666666666	0.1366120218579235	0.5824175824175825	0.04347826086956523
1.260569456427955	0.009164969450101833	0.1813031161473088	0.7431192660550459	0.3371900826446281	0.016863406408094434	0.17988394584139264	0.10425531914893617	2.2401746724890828	0.08823529411764706	0.03753351206434316	0.1349862258953168	0.12903225806451613	0.37362637362637363	0.5443548387096774	0.041025641025641026	0.00546448087431694	0.6263736263736264	1.0217391304347827
2.0603968938740294	0.18329938900203666	1.9773371104815864	7.741590214067278	2.0760330578512396	1.4586846543001686	0.20889748549323017	3.570212765957447	4.032751091703057	4.818181818181818	0.05630026809651475	1.3140495867768596	0.12544802867383512	3.2527472527472527	0.14516129032258066	0.1641025641025641	0.9016393442622951	0.4175824175824176	1.7826086956521738
0.3718723037100949	4.7973523421588595	0.358356940509915	0.3577981651376147	0.6958677685950413	0.4266441821247892	7.880077369439071	0.26382978723404255	0.25109170305676853	0.44919786096256686	8.702412868632708	0.4297520661157025	0.2831541218637993	0.4945054945054945	0.07661290322580645	0.37948717948717947	4.475409836065574	0.08791208791208792	0.9782608695652174
0.18464193270060397	1.3553971486761711	0.03824362606232295	0.25229357798165136	0.19008264462809918	0.050590219224283306	10.382978723404255	0.06382978723404255	0.13537117903930132	0.07754010695187166	17.726541554959784	0.027548209366391185	0.03225806451612903	0.13553113553113552	0.036290322580645164	0.1076923076923077	4.377049180327869	0.18681318681318682	0.5
0.01639344262295082	2.135437881873727	0.029745042492917848	0.01529051987767584	0.03471074380165289	0.03541315345699832	9.429400386847195	0.029787234042553193	0.02620087336244541	0.01871657754010695	15.986595174262735	0.02203856749311295	0.014336917562724014	0.007326007326007326	0.008064516129032258	0.05128205128205128	6.398907103825136	0	0.45652173913043476
1.6937014667817083	7.941955193482689	0.5934844192634561	1.7003058103975535	1.3702479338842974	1.1163575042158516	13.967117988394584	0.44468085106382976	0.648471615720524	1.2834224598930482	13.067024128686327	0.8319559228650137	0.2222222222222222	1.271062271062271	0.14516129032258066	0.3435897435897436	8.46448087431694	0.2857142857142857	3.369565217391304
0.15703192407247626	0.329938900203666	0.021246458923512748	0.010703363914373088	0.09917355371900827	0.08768971332209106	1.251450676982592	0.10425531914893617	0.03056768558951965	0.02406417112299465	6.726541554959786	0.0743801652892562	0.053763440860215055	0.10989010989010989	0.028225806451612902	0.020512820512820513	0.5573770491803278	0	0.13043478260869568
0.012942191544434857	0.004073319755600814	0.0028328611898017	0	0.001652892561983471	0.006745362563237774	0.0019342359767891683	0.002127659574468085	0	0	0.005361930294906167	0.0027548209366391185	0.02150537634408602	0.018315018315018316	0.2661290322580645	0.010256410256410256	0	13.406593406593407	0
0.09490940465918896	2.708757637474542	0.0056657223796034	0.14220183486238533	0.08925619834710743	0.7942664418212478	9.044487427466152	0.027659574468085105	0.024017467248908297	0.05080213903743316	14.42627345844504	0.24242424242424235	0.010752688172043012	0.03663003663003663	0	0.03076923076923077	21.92349726775956	0	1.3478260869565217
0.055220017256255395	0.0855397148676171	0.0056657223796034	0.0030581039755351682	0.34710743801652894	0.17706576728499157	1.1876208897485494	0	0.004366812227074236	0.00267379679144385	1.8364611260053618	0.05785123966942149	5.265232974910394	0.21611721611721607	0.25	5.328205128205128	0.2185792349726776	0.1978021978021978	0.19565217391304351
1.7929249352890422	0.11914460285132383	0.26912181303116145	0.29510703363914376	0.29256198347107437	1.2613827993254638	0.3849129593810445	0.4085106382978723	0.7816593886462883	0.0481283422459893	0.20107238605898123	0.9421487603305785	0.6953405017921147	0.4249084249084249	0.14112903225806453	0.24615384615384617	0.2459016393442623	0.054945054945054944	1.2826086956521738
1.1484037963761864	0.0010183299389002036	0.032577903682719546	4.200305810397554	0.01652892561983471	0.008431703204047217	0.23017408123791103	0.019148936170212766	4.026200873362446	0.07219251336898395	0.22252010723860594	0.005509641873278237	0.021505376344086023	0.08424908424908426	0.06854838709677419	0.14358974358974358	0.04918032786885246	0.2967032967032967	1.173913043478261
0.06471095772217429	0.003054989816700611	0.007082152974504249	0.03669724770642202	0.8512396694214877	0.0016863406408094434	0.0038684719535783366	0.010638297872340427	0.06768558951965066	0.00267379679144385	0	0.008264462809917356	0.007168458781362007	0.3772893772893773	0	0.020512820512820513	0	0.021978021978021983	0.021739130434782608
8.628127696289905e-4	0.24439918533604887	0.009915014164305949	0.027522935779816515	0.03305785123966942	0.00505902192242833	0.2514506769825919	0.00425531914893617	0.006550218340611353	0.02406417112299465	0.39946380697050937	0.024793388429752067	0.007168458781362007	0.018315018315018316	0.09274193548387098	0	10.6448087431694	15.42857142857143	0.5652173913043478
0.004314063848144953	0.029531568228105907	1.6841359773371105	0.01529051987767584	0.026446280991735537	0.6172006745362564	0.013539651837524178	1.3680851063829786	0.026200873362445413	5.7727272727272725	0.002680965147453083	0.5840220385674931	0.025089605734767026	0.06593406593406594	0.04838709677419355	0.041025641025641026	0.01092896174863388	0.01098901098901099	0.2608695652173913
1.711820534943917	0.03971486761710794	3.2677053824362607	7.577981651376147	0.8347107438016529	0.7824620573355818	0.1276595744680851	1.5063829787234042	3.554585152838428	4.885026737967914	0.08847184986595175	0.9035812672176309	1.003584229390681	0.16483516483516483	0.25806451612903225	0.3487179487179487	0.08196721311475409	2.769230769230769	1.3043478260869565
12.087144089732528	4.272912423625255	6.660056657223796	14.431192660550458	7.8429752066115705	7.086003372681281	3.0270793036750483	19.69148936170213	18.312227074235807	7.021390374331551	2.160857908847185	5.534435261707989	2.4157706093189963	22.157509157509157	3.278225806451613	3.6717948717948716	7.743169398907104	4.3076923076923075	8.804347826086957
0.6652286453839517	0.45519348268839105	1.3356940509915014	0.4938837920489297	0.8049586776859504	1.7588532883642496	0.7214700193423598	0.676595744680851	0.62882096069869	0.9251336898395722	0.967828418230563	2.330578512396694	1.7562724014336917	0.3882783882783883	1.1048387096774193	1.1897435897435897	0.9398907103825137	0.7252747252747253	0.717391304347826
1.1354616048317514	0.09368635437881874	1.614730878186969	0.8027522935779816	2.68099173553719	1.4502529510961215	0.2437137330754352	1.9382978723404256	0.9039301310043668	1.5240641711229947	0.0938337801608579	1.6363636363636365	1.043010752688172	2.076923076923077	0.6814516129032258	1.2923076923076924	0.1366120218579235	0.2967032967032967	0.6956521739130435
0.14840379637618636	0.32077393075356414	1.018413597733711	0.06422018348623854	0.07603305785123966	0.9460370994940978	0.09090909090909091	4.134042553191489	0.13537117903930132	1.0481283422459893	0.03753351206434316	0.6584022038567493	0.21863799283154123	0.15018315018315018	0.07661290322580645	0.07692307692307693	0.41530054644808745	0.07692307692307693	0.08695652173913043
0.3157894736842105	0.04480651731160896	0.8852691218130312	0.5351681957186545	0.8016528925619835	0.44013490725126475	0.3733075435203095	1.2468085106382978	0.5655021834061136	1.0106951871657754	0.13941018766756033	1.0110192837465564	0.17562724014336917	2.3150183150183152	0.29838709677419356	0.1641025641025641	0.10382513661202186	0.17582417582417584	0.13043478260869565
0.08024158757549611	0.08655804480651731	0.00424929178470255	0	0.08760330578512397	0.0033726812816188877	0.03481624758220503	0.01276595744680851	0.004366812227074236	0.005347593582887702	0.7935656836461126	0.005509641873278237	9.512544802867383	0.007326007326007328	2.592741935483871	0.8205128205128205	0.060109289617486336	2.241758241758242	0
0.012079378774805865	0.062118126272912425	0.0169971671388102	0.009174311926605505	0.011570247933884297	0.04215851602023609	6.752417794970986	0.006382978723404255	0.019650655021834062	0.0053475935828877	6.92225201072386	0.005509641873278238	0.010752688172043012	0.003663003663003663	0.012096774193548388	0.10256410256410255	0.5792349726775956	0.054945054945054944	0.021739130434782608
0.5211389128559103	0.05804480651731161	3.08356940509915	0.5672782874617737	0.5322314049586777	1.3507588532883643	0.5802707930367504	1.0446808510638297	0.6419213973799127	1.3422459893048129	0.4691689008042895	0.6473829201101928	0.2724014336917563	0.5054945054945055	0.1693548387096774	0.17435897435897435	0.16939890710382513	0.4835164835164835	0.5
0.07161345987920621	1.7026476578411405	0.0084985835694051	0.18960244648318042	0.11074380165289256	0	2.5222437137330753	0.023404255319148935	0.08296943231441048	0.0374331550802139	1.675603217158177	0.005509641873278237	0.03225806451612903	0.05860805860805861	0	0.020512820512820513	12.153005464480874	0.02197802197802198	0.43478260869565216
6.728213977566868	0.023421588594704685	0.07790368271954674	0.8990825688073395	0.6148760330578512	0.07588532883642496	0.7620889748549323	0.014893617021276596	7.058951965065503	0.026737967914438502	0.5442359249329759	0.16253443526170802	0.03942652329749104	0.717948717948718	0.06451612903225806	0.05641025641025642	1.0327868852459017	0.032967032967032975	5.086956521739131
0.8679896462467644	0.03971486761710794	0.24220963172804533	1.5198776758409787	0.19008264462809918	0.15345699831365936	0.7214700193423598	0.16170212765957448	1.0305676855895196	0.3048128342245989	1.3190348525469169	0.12672176308539945	5.827956989247312	2.8864468864468864	0.6814516129032258	1.917948717948718	0.04918032786885246	0.24175824175824176	0.5869565217391305
0.012079378774805867	0.009164969450101833	0.012747875354107648	0.00764525993883792	0.009917355371900827	0.008431703204047217	0.0038684719535783366	0.01702127659574468	0.010917030567685589	0.0053475935828877	0.00804289544235925	0.01928374655647383	0.8853046594982079	0.02197802197802198	0.2620967741935484	3.6102564102564103	0.01092896174863388	0	0.021739130434782608
2.7342536669542707	0.10692464358452139	3.1288951841359776	0.8792048929663608	4.935537190082645	4.112984822934233	0.08897485493230174	3.1361702127659576	1.1157205240174672	2.7540106951871657	0.06702412868632708	2.159779614325069	0.1935483870967742	2.1062271062271063	0.18548387096774194	0.28205128205128205	0.02185792349726776	0.1978021978021978	2.608695652173913
0.0025884383088869713	0.013238289205702648	0.0113314447592068	0.0045871559633027525	0.0049586776859504135	0	0.46421663442940037	0	0.002183406113537118	0.005347593582887702	0.128686327077748	0.0027548209366391185	4.734767025089606	0.003663003663003663	0.1693548387096774	4.1179487179487175	0.12568306010928962	0.04395604395604396	0.04347826086956523
0.0025884383088869713	1.4073319755600815	0.053824362606232294	0.035168195718654434	0.0512396694214876	0.003372681281618887	8.607350096711798	0.225531914893617	0.0982532751091703	0.0374331550802139	0.058981233243967826	0.03305785123966942	0.03942652329749104	0.09157509157509157	0.04838709677419355	0.5641025641025642	46.91256830601093	0.03296703296703297	0.8043478260869565
3.0163934426229506	0.20672097759674135	0.5056657223796034	0.7737003058103975	1.0363636363636364	0.357504215851602	0.23984526112185686	0.31063829787234043	3.3668122270742358	0.3877005347593583	0.4691689008042895	0.509641873278237	0.9068100358422939	0.46886446886446886	0.09274193548387097	0.36923076923076925	0.33879781420765026	0.4945054945054945	2.1739130434782608
0.9620362381363244	0.225050916496945	3.328611898016997	2.0596330275229358	0.4446280991735537	2.3102866779089375	0.28433268858800775	6.212765957446808	3.2139737991266375	2.4010695187165774	0.0938337801608579	1.743801652892562	0.6164874551971327	0.9267399267399268	0.22983870967741934	0.3282051282051282	0.6229508196721312	0.15384615384615385	0.7173913043478263
0.01898188093183779	0.025458248472505093	0.021246458923512748	0.012232415902140673	0.006611570247933884	0.01517706576728499	0.03868471953578337	0.00425531914893617	0.006550218340611353	0.008021390374331552	0.0160857908847185	0.013774104683195593	0.02867383512544803	0	4.806451612903226	0.015384615384615387	0.01639344262295082	0.032967032967032975	0.021739130434782608
2.7446074201898187	0.06822810590631365	3.471671388101983	2.5	1.018181818181818	2.7200674536256324	0.0851063829787234	3.3361702127659574	3.1200873362445414	2.802139037433155	0.08042895442359249	1.5977961432506886	0.07168458781362007	6.17948717948718	0.18951612903225806	0.2153846153846154	0.0546448087431694	0.37362637362637363	2.239130434782609
0.47799827437446074	0.03767820773930754	0.7705382436260623	1.1116207951070336	2.7570247933884295	1.7099494097807757	0.07736943907156674	2.8574468085106384	1.1528384279475983	2.171122994652406	0.013404825737265416	0.7851239669421488	0.05734767025089606	0.6117216117216118	0.04032258064516129	0.08205128205128205	0.01639344262295082	0.04395604395604396	0.5434782608695652
0.14063848144952545	0.09572301425661914	6.977337110481586	0.05198776758409786	6.7669421487603305	2.4688026981450255	0.13152804642166344	7.31063829787234	0.31004366812227074	4.419786096256685	0.032171581769437	1.3112947658402203	0.13978494623655913	1.5091575091575091	0.24193548387096775	0.2	0.01639344262295082	0.38461538461538464	0.10869565217391307
5.29939603106126	0.03665987780040733	1.6558073654390935	16.016819571865444	3.2545454545454544	1.0404721753794266	0.27852998065764023	2.9382978723404256	11.139737991266376	3.0775401069518717	0.11796246648793565	0.9008264462809917	0.1935483870967742	4.153846153846154	0.24596774193548387	0.24102564102564103	0.04918032786885246	0.6813186813186813	5.173913043478261
0.012079378774805867	0.029531568228105907	0.014164305949008499	0.0030581039755351682	0.006611570247933884	0.003372681281618887	0.005802707930367505	0.002127659574468085	0.002183406113537118	0.008021390374331552	0	0.005509641873278237	8.383512544802867	0.003663003663003663	0.32661290322580644	5.8	0	0.02197802197802198	0
0.48662640207075064	0.43890020366598775	1.206798866855524	0.3241590214067278	0.509090909090909	1.3102866779089377	0.851063829787234	0.33191489361702126	0.28602620087336245	0.9973262032085561	1.230563002680965	2.8650137741046833	1.5770609318996416	0.24175824175824176	1.3024193548387097	1.0205128205128204	1.355191256830601	0.967032967032967	0.4130434782608696
11.049180327868852	0.31160896130346233	1.7903682719546743	2.903669724770642	1.8677685950413223	0.9578414839797639	0.4796905222437137	1.323404255319149	8.541484716157205	0.9598930481283422	0.3190348525469169	0.8567493112947658	0.7311827956989247	3.5128205128205128	0.3467741935483871	4.958974358974359	0.3551912568306011	0.7802197802197802	8.021739130434783
0.010353753235547885	0.032586558044806514	1.1756373937677054	0.013761467889908258	0.6066115702479339	0.4806070826306914	0.33268858800773693	1.2957446808510638	0.015283842794759825	2.537433155080214	0.08310991957104558	0.45454545454545453	0.043010752688172046	0.36996336996337	0.04435483870967742	0.03076923076923077	0.16939890710382513	0.0989010989010989	0
0	0.004073319755600814	0.0028328611898017	0.0015290519877675841	0.0049586776859504135	0.0016863406408094434	0.013539651837524178	0	0.008733624454148471	0.0053475935828877	0	0.008264462809917356	0.035842293906810034	0.007326007326007328	7.512096774193548	0.02564102564102564	0	0.8021978021978022	0.06521739130434782
1.368421052631579	0.059063136456211814	7.570821529745042	0.8073394495412844	3.084297520661157	0.8920741989881956	0.22823984526112184	0.9638297872340426	5.104803493449782	0.679144385026738	0.08847184986595175	1.0385674931129476	0.035842293906810034	7.17948717948718	0.1814516129032258	0.1076923076923077	0.02185792349726776	0.7912087912087912	0.8478260869565217
5.5099223468507335	0.26883910386965376	6.463172804532578	6.888379204892966	1.3371900826446281	7.733558178752108	0.40425531914893614	5.808510638297872	6.358078602620087	5.748663101604278	0.30294906166219837	4.804407713498622	0.4050179211469534	1.304029304029304	0.8387096774193549	0.6666666666666666	0.15846994535519127	0.7032967032967034	4.1521739130434785
0.640207075064711	0.4725050916496945	1.0410764872521245	0.8042813455657493	0.7090909090909091	1.0134907251264755	2.1450676982591874	1.0425531914893618	0.7860262008733624	1.518716577540107	1.351206434316354	1.9696969696969697	0.12903225806451613	0.6556776556776557	0.0967741935483871	0.11794871794871795	0.8360655737704918	0.10989010989010989	0.7608695652173914
0.1363244176013805	0.8421588594704684	0.059490084985835696	0.04434250764525994	0.05619834710743802	0.09274873524451939	2.3965183752417794	0.13404255319148936	0.07205240174672489	0.05080213903743316	4.849865951742627	0.12396694214876033	1.4874551971326164	0.0989010989010989	0.8629032258064516	0.7384615384615385	1.9726775956284153	1.3956043956043955	0.10869565217391304
0.6600517687661778	0.06822810590631365	2.725212464589235	1.2033639143730888	1.0826446280991735	0.7993254637436762	0.528046421663443	2.029787234042553	1.945414847161572	2.088235294117647	0.2386058981233244	0.859504132231405	0.6057347670250897	0.7655677655677655	0.1975806451612903	0.6564102564102564	0.17486338797814208	0.05494505494505496	0.7391304347826086
0.006902502157031923	0.04175152749490835	0.00141643059490085	0	0.003305785123966943	0.006745362563237774	0.11411992263056092	0	0.002183406113537118	0	4.2359249329758715	0.005509641873278238	0.23297491039426518	0	0	0	0.02185792349726776	0	0
0.2286453839516825	68.85437881873727	0.22237960339943344	0.010703363914373088	0.18181818181818182	0.26475548060708265	0.18375241779497098	0.023404255319148935	0.10262008733624454	0.013368983957219251	0.3780160857908847	0.209366391184573	0.4551971326164874	0.0989010989010989	0.3548387096774194	0.41025641025641024	5.907103825136612	0.14285714285714288	8.934782608695652
0.004314063848144953	0.020366598778004074	0.025495750708215296	0.0015290519877675841	0.01818181818181818	0.003372681281618887	0.023210831721470024	0	0.015283842794759825	0.0053475935828877	0.00804289544235925	0.01928374655647383	0.06810035842293907	0.003663003663003663	21.5	0.07692307692307693	0	0.01098901098901099	0.2826086956521739
0.058671268334771355	0.6731160896130346	0.06657223796033994	0.01529051987767584	0.32231404958677684	0.1315345699831366	11.056092843326885	0.14042553191489363	0.026200873362445413	0.0427807486631016	9.589812332439678	0.0743801652892562	4.272401433691757	0.08058608058608059	4.806451612903226	3.923076923076923	2.1147540983606556	0.5274725274725275	0.2608695652173913
0.05004314063848145	20.492871690427698	0.08498583569405099	0.00764525993883792	0.06776859504132231	0.05902192242833052	0.05609284332688588	0	0.034934497816593885	0.013368983957219251	0.05093833780160858	0.06060606060606061	0.11827956989247312	0.014652014652014652	0.04838709677419355	0.24102564102564103	4.573770491803279	0.032967032967032975	2.347826086956522
0.04659188955996549	14.037678207739308	0.024079320113314446	0.0015290519877675841	0.03471074380165289	0.05396290050590219	0.029013539651837523	0.002127659574468085	0.006550218340611355	0	0.07506702412868632	0.01652892561983471	0.11469534050179211	0.01098901098901099	0.04838709677419355	0.05128205128205128	1.0601092896174864	0.032967032967032975	2
0.0025884383088869713	0.1945010183299389	0	0.0030581039755351682	0	0	0.05222437137330754	0.002127659574468085	0.004366812227074236	0	0.024128686327077747	0.005509641873278238	0.060931899641577074	0	6.69758064516129	0.02564102564102564	0.28415300546448086	0	0.06521739130434784
0.0181190681622088	0.1415478615071283	0.012747875354107648	0.01834862385321101	0.013223140495867768	0.015177065767284994	0.3036750483558994	0.023404255319148935	0.008733624454148471	0.013368983957219251	0.3672922252010724	0.0027548209366391185	1.025089605734767	0.01098901098901099	6.334677419354839	1.4564102564102563	0.25136612021857924	0.03296703296703297	0.021739130434782608
2.790336496980155	0.16496945010183303	11.93484419263456	7.053516819571866	3.571900826446281	6.88026981450253	0.2514506769825919	2.8297872340425534	5.198689956331878	7.251336898395722	0.09919571045576407	3.950413223140496	0.13978494623655913	0.2490842490842491	0.4314516129032258	0.358974358974359	0.1092896174863388	0.6703296703296703	2.9347826086956523
0.6031061259706644	0.54989816700611	0.7393767705382436	0.8914373088685015	0.6297520661157024	0.08600337268128162	1.2669245647969056	1.1829787234042553	1.0065502183406114	2.2299465240641716	1.7613941018766759	0.4738292011019284	0.43010752688172044	666.4212454212454	2.3346774193548385	4.1128205128205115	0.36065573770491804	4.065934065934066	2.608695652173913
0.45297670405522	122.27596741344196	0.2988668555240793	0.021406727828746176	0.26776859504132233	0.4620573355817875	0.3288201160541586	0.05531914893617021	0.11790393013100436	0.034759358288770054	0.6166219839142091	0.33608815426997246	0.7562724014336918	0.16483516483516483	0.43951612903225806	0.723076923076923	19.44808743169399	0.3296703296703297	17.02173913043478
0.5823986194995686	16.69653767820774	0.060906515580736544	0.21253822629969418	0.07933884297520662	0.08263069139966273	0.08317214700193423	0.019148936170212766	0.33406113537117904	0.013368983957219251	0.47989276139410186	0.09090909090909091	0.11111111111111112	0.05860805860805861	0.12096774193548387	0.11282051282051282	2.622950819672131	0.02197802197802198	1.7608695652173914
1.1320103537532356	0.0855397148676171	0.07790368271954674	1.9847094801223242	0.28429752066115704	0.16694772344013492	0.09671179883945841	1.0446808510638297	1.4410480349344978	0.29411764705882354	0.03753351206434316	0.1349862258953168	0.06451612903225806	2.4835164835164836	0.8064516129032258	1.5743589743589743	0.48633879781420764	0.07692307692307693	1.2826086956521738
3.4909404659188956	0.10590631364562118	5.206798866855524	7.989296636085627	5.672727272727273	3.494097807757167	0.33268858800773693	10.740425531914894	7.0174672489082965	10.128342245989305	0.12064343163538874	3.18732782369146	0.24014336917562723	6.468864468864469	0.5161290322580645	0.42564102564102563	0.13114754098360656	0.7692307692307693	3.239130434782609
0.009490940465918895	0.017311608961303463	0.009915014164305949	0.01834862385321101	0.01652892561983471	0.00505902192242833	0.3365570599613153	0	0.019650655021834062	0.0106951871657754	0.1260053619302949	0	7.405017921146953	0.007326007326007328	7.935483870967742	1.7435897435897436	0.00546448087431694	0	0.1521739130434783
0.8498705780845557	0.062118126272912425	0.6713881019830028	1.4724770642201834	1.8198347107438015	0.3305227655986509	0.22243713733075435	0.5404255319148936	2.556768558951965	0.6042780748663101	0.10455764075067024	0.36363636363636365	0.13261648745519714	1.5604395604395604	0.10080645161290322	0.1794871794871795	0.18579234972677597	0.23076923076923078	0.5869565217391305
1.5349439171699741	0.18431771894093688	3.3725212464589234	2.8226299694189603	1.7388429752066115	3.1973018549747048	1.6015473887814313	8.33404255319149	2.3820960698689957	4.024064171122995	0.7560321715817694	2.628099173553719	0.25448028673835127	3.5457875457875456	0.1814516129032258	0.5128205128205128	0.16393442622950818	0.32967032967032966	1.3043478260869565
0.02070750647109577	0.0845213849287169	3.688385269121813	0.021406727828746176	16.44297520661157	1.8330522765598651	0.23984526112185686	5.802127659574468	0.05021834061135371	2.125668449197861	0.257372654155496	1.137741046831956	0.1111111111111111	0.0695970695970696	0.14112903225806453	0.2205128205128205	0.06557377049180328	1.2197802197802199	0.1521739130434783
1.7782571182053495	387.68228105906314	1.545325779036827	0.3103975535168196	1.5537190082644627	1.6711635750421585	2.2998065764023212	0.6574468085106383	0.9061135371179039	0.39572192513368987	3.3270777479892764	1.6694214876033058	3.817204301075269	0.8864468864468864	2.471774193548387	1.794871794871795	259.91256830601094	1.7582417582417582	81.43478260869566
0.3684210526315789	102.25050916496944	0.6161473087818697	0.039755351681957186	0.428099173553719	0.4317032040472175	0.4197292069632495	0.1	0.27729257641921395	0.0481283422459893	0.5630026809651475	0.4132231404958678	0.6881720430107527	0.304029304029304	0.7741935483870968	0.5230769230769231	50.90710382513661	0.6923076923076923	17.58695652173913
0.10181190681622088	10.285132382892057	0.029745042492917848	0.25076452599388377	0.06611570247933884	0.04215851602023609	0.2804642166344294	0.1148936170212766	0.09170305676855896	0.1497326203208556	0.064343163538874	0.06060606060606061	0.14695340501792115	0.10256410256410256	0.06854838709677419	0.06153846153846154	130.10382513661202	0.08791208791208792	3.0652173913043477
8.628127696289905e-4	0	0.0028328611898017	0.0015290519877675841	0.019834710743801654	0	0	0	0.002183406113537118	0.00267379679144385	0	0	0.017921146953405017	0.1282051282051282	0.04435483870967742	0	0	5.736263736263736	0
0.0025884383088869713	0.04378818737270876	0.49008498583569404	0.012232415902140673	0.14049586776859505	0.9477234401349073	0.06963249516441006	3.0936170212765957	0.019650655021834062	1.1684491978609626	0.005361930294906167	0.4738292011019284	0.18996415770609318	0.06593406593406594	0.04032258064516129	0.1794871794871795	0.01639344262295082	0.32967032967032966	0
0.5116479723899914	0.2830957230142566	0.26345609065155806	0.39602446483180426	2.540495867768595	0.3086003372681282	0.14313346228239845	0.44042553191489364	0.22707423580786026	0.4197860962566845	0.2707774798927614	0.1763085399449036	0.2616487455197133	0.4725274725274725	0.056451612903225805	0.06666666666666667	0.2568306010928962	1.6813186813186813	0.3695652173913043
2.903364969801553	0.006109979633401222	0.5226628895184136	2.096330275229358	0.35537190082644626	0.1905564924114671	0.06576402321083172	0.7297872340425532	4.9475982532751095	0.3770053475935829	0.04825737265415549	0.35537190082644626	0.2007168458781362	1.5567765567765568	0.04032258064516129	0.12307692307692308	0.01639344262295082	0.0989010989010989	2.3260869565217392
0.008628127696289905	0.009164969450101833	0.025495750708215296	0.019877675840978593	0.006611570247933884	0.021922428330522766	0.05029013539651838	0.019148936170212766	0.021834061135371178	0.016042780748663103	0.00804289544235925	0.046831955922865015	0.14695340501792115	0	0.12903225806451613	4.364102564102564	0.02185792349726776	0.01098901098901099	0
12.516824849007765	13.627291242362526	23.203966005665723	19.92354740061162	14.755371900826447	23.62900505902192	13.286266924564798	28.027659574468085	17.978165938864628	23.67379679144385	10.71313672922252	31.18732782369146	12.716845878136201	16.036630036630036	10.84274193548387	13.815384615384616	19.23497267759563	11.626373626373626	13.195652173913043
0.6859361518550474	0.08757637474541752	1.075070821529745	0.4938837920489297	0.3322314049586777	0.954468802698145	0.5145067698259188	0.9787234042553191	0.7532751091703057	0.7165775401069518	0.17962466487935658	1.512396694214876	0.22939068100358423	0.42124542124542125	0.1532258064516129	0.21025641025641026	0.16939890710382513	0.28571428571428575	0.4782608695652174
0.6505608283002589	1.7281059063136457	0.08640226628895184	0.7507645259938838	0.5338842975206611	0.12984822934232715	5.806576402321083	0.09574468085106383	0.834061135371179	0.05080213903743316	7.3002680965147455	0.14325068870523416	0.3978494623655914	1.326007326007326	0.7137096774193549	0.5794871794871795	2.5901639344262297	1.6153846153846154	0.717391304347826
2.7670405522001724	7.489816700610998	0.9617563739376771	0.6743119266055045	1.3487603305785123	2.9949409780775715	10.075435203094777	0.6276595744680851	0.9519650655021834	0.7165775401069518	22.302949061662197	1.28099173553719	5.129032258064516	1.5421245421245422	3.600806451612903	2.8666666666666667	9.846994535519126	7.131868131868132	3.4782608695652173
0.056945642795513375	0.8503054989816701	0.043909348441926344	0.039755351681957186	0.14380165289256197	0.01517706576728499	1.990328820116054	0.002127659574468085	0.1615720524017467	0.0053475935828877	6.39142091152815	0.01652892561983471	2.186379928315412	0.054945054945054944	2.0080645161290325	0.42564102564102563	0.33879781420765026	0	0.15217391304347827
4.5202761000862814	19.340122199592667	1.8937677053824362	1.3837920489296636	7.8066115702479335	1.9527824620573355	15.735009671179885	2.4893617021276597	1.851528384279476	1.585561497326203	35.447721179624665	1.5068870523415978	5.867383512544803	5.311355311355311	1.8588709677419355	5.323076923076923	13.808743169398907	4.56043956043956	4.739130434782608
9.157894736842104	0.14867617107942974	6.960339943342777	9.172782874617736	4.019834710743802	5.777403035413154	0.3984526112185687	11.88936170212766	14.255458515283843	10.518716577540108	0.20911528150134048	3.09366391184573	1.1720430107526882	16.399267399267398	0.5806451612903226	0.9282051282051282	0.08196721311475409	1.2417582417582418	8.130434782608695
13.628990509059534	0.3167006109979633	8.556657223796034	13.882262996941895	7.5041322314049586	9.359190556492411	0.5415860735009671	11.934042553191489	17.510917030567686	7.676470588235294	0.3163538873994638	9.953168044077135	0.6881720430107527	11.2014652014652	1.0241935483870968	0.9435897435897436	0.13114754098360656	1.4725274725274726	12.608695652173912
3.37618636755824	0.1415478615071283	10.742209631728045	6.197247706422019	4.95702479338843	3.7335581787521077	0.33268858800773693	6.334042553191489	4.689956331877729	11.558823529411764	0.1554959785522788	3.3333333333333335	0.24014336917562723	4.282051282051282	0.6653225806451613	0.6871794871794872	0.12021857923497267	0.9340659340659341	2.891304347826087
0.024158757549611734	2.7209775967413443	0.046742209631728045	0.03058103975535168	0.24462809917355371	0.12310286677908938	4.444874274661509	0.20425531914893616	0.017467248908296942	0.17647058823529413	4.067024128686327	0.07988980716253444	0.27598566308243727	0.01098901098901099	0.06048387096774194	0.18974358974358974	14.939890710382514	0.15384615384615385	0.5217391304347826
0.9482312338222606	0.34317718940936864	2.1728045325779037	0.9250764525993884	1.2776859504132232	1.7723440134907251	0.40038684719535783	0.5531914893617021	1.3711790393013101	0.9251336898395722	0.7801608579088471	2.3884297520661155	1.3297491039426523	0.6263736263736264	1.1935483870967742	1.0307692307692307	0.5191256830601093	0.9340659340659341	0.9565217391304348
0	0.002036659877800407	0.0028328611898017	0.0015290519877675841	0.001652892561983471	0	0.007736943907156673	0	0	0.00267379679144385	0.002680965147453083	0.0027548209366391185	0.0035842293906810036	0	0	0	0.00546448087431694	8.483516483516484	0
0.72648835202761	0.2668024439918534	2.34985835694051	1.3363914373088686	5.462809917355372	2.559865092748735	0.46421663442940037	2.823404255319149	1.482532751091703	1.8689839572192513	0.4745308310991957	2.118457300275482	0.15412186379928317	2.7545787545787546	0.24596774193548387	0.4717948717948718	0.366120218579235	0.43956043956043955	0.6304347826086957
1.4978429680759275	0.32484725050916496	1.4589235127478755	0.7996941896024465	1.0512396694214876	1.6290050590219225	0.7601547388781431	1.148936170212766	1.1528384279475983	0.8368983957219251	1.0402144772117963	2.369146005509642	0.8602150537634409	0.7545787545787546	0.8225806451612904	0.7846153846153846	0.4808743169398907	0.5054945054945055	1.2391304347826086
10.892148403796376	0.7535641547861506	0.10906515580736544	31.09633027522936	16.937190082644626	0.2934232715008432	25.659574468085108	0.9404255319148936	16.5764192139738	0.5802139037433155	10.857908847184987	0.3168044077134986	0.34050179211469533	18.630036630036628	0.21370967741935484	0.4358974358974359	5.622950819672131	5.450549450549451	10.73913043478261
0.2545297670405522	48.728105906313644	0.07223796033994336	0.10703363914373089	0.16859504132231404	0.33895446880269814	23.769825918762088	0.24893617021276596	0.07205240174672489	0.08021390374331551	6.423592493297587	0.18732782369146006	0.36917562724014336	0.08791208791208792	0.1935483870967742	0.40512820512820513	72.02732240437159	0.21978021978021978	13.26086956521739
0.003451251078515962	0.10590631364562118	0.00424929178470255	0.016819571865443424	0.006611570247933884	0.003372681281618887	4.53384912959381	0.00425531914893617	0.004366812227074236	0	0.613941018766756	0.005509641873278237	0.014336917562724014	0.003663003663003663	0	0.05641025641025641	0.9453551912568307	0	0.21739130434782608
0.054357204486626405	0.04378818737270876	0.0169971671388102	0.0061162079510703364	0.019834710743801654	0.0387858347386172	0.8471953578336557	0.05531914893617021	0.015283842794759825	0.013368983957219251	0.5067024128686327	0.013774104683195593	13.68100358422939	0.018315018315018316	12.133064516129032	1.9846153846153847	0.46994535519125685	0.03296703296703297	0
0.014667817083692839	0.21181262729124237	0.0084985835694051	0.013761467889908258	0.019834710743801654	0.011804384485666107	6.920696324951644	0.01702127659574468	0.017467248908296942	0.008021390374331552	2.734584450402145	0.011019283746556474	2.4157706093189963	0.040293040293040296	0.35080645161290325	1.3897435897435897	1.3224043715846994	0.16483516483516486	0.3043478260869565
0.16393442622950818	0.06924643584521385	0.20254957507082152	0.13149847094801223	0.19669421487603306	0.12141652613827993	0.2553191489361702	0.26170212765957446	0.19213973799126638	0.20320855614973263	0.12064343163538874	0.90633608815427	0.43727598566308246	0.12087912087912088	0.2701612903225806	0.16923076923076924	0.18579234972677597	0.14285714285714285	0.08695652173913043
0	0.0050916496945010185	0.0056657223796034	0.0015290519877675841	0.001652892561983471	0.0033726812816188877	0.009671179883945842	0.002127659574468085	0.004366812227074236	0.008021390374331552	0	0.005509641873278237	7.939068100358423	0.007326007326007328	0.020161290322580645	0.22564102564102564	0	0	0
0.5711820534943917	0.026476578411405296	5.413597733711049	3.136085626911315	1.1851239669421487	0.8482293423271501	0.1450676982591876	8.040425531914893	5.399563318777292	5.18716577540107	0.0160857908847185	0.7741046831955923	0.08602150537634409	1.054945054945055	0.125	0.1282051282051282	0.060109289617486336	0.25274725274725274	0.7391304347826086
0.45211389128559104	2.3879837067209775	0.6784702549575071	0.3669724770642202	0.3338842975206612	2.7740303541315345	0.9922630560928434	2.3361702127659574	0.4672489082969432	0.8903743315508021	1.9276139410187667	1.1322314049586777	1.2473118279569892	0.5714285714285714	0.29838709677419356	0.3641025641025641	1.8743169398907105	0.19780219780219785	0.47826086956521746
0.07161345987920621	0.04684317718940937	1.2167138810198301	0.1651376146788991	0.11074380165289256	0.524451939291737	0.2727272727272727	2.748936170212766	0.1812227074235808	1.2032085561497325	0.19571045576407506	1.3471074380165289	0.8100358422939068	0.07692307692307693	0.5887096774193549	0.16923076923076924	0.23497267759562843	1.3736263736263736	0.06521739130434784
3.570319240724763	0.3380855397148676	1.5155807365439093	3.785932721712538	1.1239669421487604	0.9595278246205734	0.23597678916827852	1.7553191489361701	5.914847161572053	1.0614973262032086	0.12064343163538874	0.7548209366391184	0.14695340501792115	1.1135531135531136	0.11290322580645161	0.28717948717948716	1.0710382513661203	0.2087912087912088	2.4347826086956523
1.8472821397756687	0.07841140529531568	0.36827195467422097	1.0856269113149848	1.48099173553719	0.15851602023608768	0.06382978723404255	0.6553191489361702	3.067685589519651	0.13101604278074866	0.05361930294906165	0.1184573002754821	0.02867383512544803	1.4542124542124542	0.08064516129032258	0.05641025641025641	0.28415300546448086	0.08791208791208792	1.5
0.08283002588438308	0.03360488798370672	0.8271954674220963	0.3195718654434251	1.1801652892561985	0.984822934232715	0.32495164410058025	2.6042553191489364	0.18995633187772926	2.371657754010695	0.1447721179624665	0.6088154269972452	0.02867383512544803	0.6996336996336996	0.03225806451612903	0.041025641025641026	0.03278688524590164	0.24175824175824176	0
0.003451251078515962	0.0050916496945010185	0.00141643059490085	0.0045871559633027525	0.001652892561983471	0	0.0038684719535783374	0	0.002183406113537118	0	0	0.0027548209366391185	0.03225806451612903	0	4.455645161290323	0.010256410256410256	0	0	0
0.17515099223468508	3.4531568228105907	0.043909348441926344	0.13302752293577982	0.3322314049586777	0.17200674536256325	7.713733075435203	0.49148936170212765	0.08296943231441048	0.2700534759358289	4.903485254691689	0.209366391184573	2.5483870967741935	0.5128205128205128	3.5161290322580645	1.3897435897435897	9.147540983606557	0.15384615384615385	0.5869565217391305
0.010353753235547885	0.015274949083503055	0.031161473087818695	0.02599388379204893	0.01487603305785124	0.0016863406408094434	0.03288201160541586	0.01276595744680851	0.017467248908296942	0.045454545454545456	0	0.02203856749311295	18.204301075268816	0.003663003663003663	7.596774193548387	7.6461538461538465	0.01639344262295082	0.07692307692307693	0.08695652173913046
1.1587575496117342	66.13034623217922	0.14589235127478753	0.9327217125382263	0.2628099173553719	0.25295109612141653	1.0367504835589942	0.10425531914893617	0.4104803493449782	0.06149732620320856	1.7667560321715818	0.35537190082644626	0.5770609318996416	5.282051282051282	0.3387096774193548	0.30256410256410254	66.2568306010929	0.2967032967032967	11.869565217391305
6.400345125107852	1.1354378818737272	2.7889518413597734	14.01834862385321	3.871074380165289	2.860033726812816	5.197292069632495	4.2042553191489365	6.641921397379913	5.532085561497326	5.3243967828418235	2.7548209366391183	0.17204301075268819	5.142857142857143	0.532258064516129	0.5897435897435898	3.978142076502732	1.6043956043956045	6.456521739130435
0.04141501294219154	0.1761710794297352	0.1501416430594901	0.03211009174311927	0.6446280991735537	8.418212478920742	19.97872340425532	14.857446808510637	0.06986899563318777	2.106951871657754	1.571045576407507	1.9173553719008265	0.014336917562724014	0.02197802197802198	0.012096774193548388	0.2923076923076923	1.8469945355191257	0.7692307692307693	0.9782608695652174
0.0025884383088869718	0.003054989816700611	0.0056657223796034	0	0	0.003372681281618887	0.0019342359767891683	0.002127659574468085	0	0	0.00804289544235925	0.0027548209366391185	0.5913978494623656	0	1.2137096774193548	0.47692307692307695	0	8.373626373626374	0
3.7825711820534935	6.167006109979633	20.86543909348442	5.249235474006116	1703.6809917355372	2.288364249578415	22.638297872340427	6.23404255319149	9	5.593582887700535	2.5093833780160857	9.432506887052341	12.623655913978494	8.908424908424909	11.80241935483871	33.98974358974359	2.5956284153005464	43.85714285714285	32.34782608695652
0.0025884383088869713	0.017311608961303463	0.0084985835694051	0	0.0049586776859504135	0.011804384485666104	0.3191489361702128	0.00425531914893617	0.004366812227074236	0.0053475935828877	0.8498659517426274	0.008264462809917356	1.7706093189964158	0.003663003663003663	8.733870967741936	1.4	0.0273224043715847	0.03296703296703297	0.06521739130434784
1.0405522001725624	0.019348268839103868	0.5906515580736544	1.3807339449541285	0.35702479338842974	0.5801011804384486	0.03868471953578337	1.5191489361702128	1.3951965065502183	0.7112299465240641	0.024128686327077747	0.5261707988980716	0.07526881720430108	3.3076923076923075	0.020161290322580645	0.046153846153846156	0.02185792349726776	0.07692307692307693	0.782608695652174
0.5798101811906816	0.07942973523421588	2.0977337110481584	0.6697247706422018	0.715702479338843	3.0623946037099494	0.09477756286266925	1.5914893617021277	0.6069868995633187	2.0267379679144386	0.08310991957104558	1.6804407713498624	0.07526881720430108	0.9230769230769231	0.13709677419354838	0.09230769230769231	0.01639344262295082	0.1978021978021978	0.4347826086956523
1.8524590163934427	0.6924643584521385	5.481586402266289	2.434250764525994	1.0727272727272728	1.7689713322091063	0.9613152804642167	3.057446808510638	3.013100436681223	6.502673796791444	0.8150134048257373	2.234159779614325	1.985663082437276	1.3003663003663004	1.4516129032258065	1.4615384615384615	0.7759562841530054	1.0879120879120878	1.8043478260869565
0.04831751509922347	19.89205702647658	0.039660056657223795	0.0015290519877675841	0.03305785123966942	0.05902192242833052	0.03481624758220503	0.002127659574468085	0.013100436681222707	0	0.06970509383378017	0.03305785123966942	0.13620071684587814	0	0.06048387096774194	0.09743589743589744	1.644808743169399	0.03296703296703297	2.5434782608695654
0.8075927523727351	0.04480651731160896	1.2974504249291785	0.382262996941896	0.06446280991735537	2.24283305227656	0.02321083172147002	0.5404255319148936	0.6069868995633187	0.4625668449197861	0.03753351206434316	0.5537190082644629	0.014336917562724014	0.040293040293040296	0.056451612903225805	0.03076923076923077	0.01092896174863388	0.03296703296703297	0.6304347826086957
0.6514236410698878	0.023421588594704685	1.4886685552407932	1.610091743119266	0.9537190082644628	1.0168634064080944	0.10251450676982592	4.327659574468085	1.4694323144104804	2.8663101604278074	0.024128686327077747	0.7658402203856749	0.10752688172043011	1.26007326007326	0.08064516129032258	0.05128205128205128	0.04918032786885246	0.10989010989010989	0.5652173913043478
0.027610008628127698	1.654786150712831	0.029745042492917848	0.012232415902140673	0.03471074380165289	0.06070826306913996	10.388781431334623	0.02553191489361702	0.03711790393013101	0.0106951871657754	11.536193029490617	0.01652892561983471	0.053763440860215055	0.03663003663003663	0.03225806451612903	0.14358974358974358	6.66120218579235	0	0.17391304347826092
3.7385677308024157	0.5804480651731161	0.22237960339943344	0.154434250764526	0.515702479338843	2.0370994940978076	1.9226305609284333	3.753191489361702	3.4912663755458517	0.03208556149732621	3.6246648793565686	0.36363636363636365	2.5806451612903225	0.15018315018315018	0.6088709677419355	4.38974358974359	1.2295081967213115	1.7252747252747254	2.260869565217391
0.09836065573770492	0.2219959266802444	1.915014164305949	0.053516819571865444	1.6942148760330578	1.5244519392917368	2.8781431334622822	6.1127659574468085	0.37336244541484714	3.807486631016043	1.0268096514745308	1.1707988980716253	3.3870967741935485	0.7472527472527473	1.310483870967742	1.1692307692307693	1.8032786885245902	2.1868131868131866	0.30434782608695654
0.01639344262295082	0.015274949083503055	0.009915014164305949	0.08256880733944955	0.05619834710743802	0.0016863406408094434	0.03288201160541586	0.023404255319148935	0.06331877729257641	0.01871657754010695	0.00804289544235925	0.013774104683195593	14.372759856630825	0.007326007326007326	1.4193548387096775	2.9846153846153847	0.00546448087431694	0.3076923076923077	0.021739130434782608
3.099223468507334	0.015274949083503055	0.24787535410764872	16.793577981651374	1.6099173553719008	0.09274873524451939	1.263056092843327	0.25957446808510637	15.814410480349345	0.37967914438502676	1.479892761394102	0.15151515151515152	0.08960573476702509	7.915750915750916	0.08064516129032258	0.12307692307692308	0.08196721311475409	0.5384615384615384	5.043478260869565
4	0.164969450101833	0.6402266288951841	7.718654434250764	1.5586776859504132	0.6863406408094435	0.38104448742746616	1.1	5.069868995633188	0.42513368983957217	0.5415549597855228	0.512396694214876	0.2831541218637993	3.578754578754579	0.18951612903225806	0.2358974358974359	0.3114754098360656	2.4505494505494507	2.760869565217391
4.784296807592752	0.15885947046843177	0.5538243626062322	8.474006116207951	1.7768595041322315	0.7436762225969646	0.3965183752417795	1.3914893617021276	6.294759825327511	0.5294117647058824	0.5844504021447721	0.3746556473829201	0.35125448028673834	3.9413919413919416	0.07661290322580645	0.24102564102564103	0.37158469945355194	3.9450549450549453	3.282608695652174
1.6755823986194995	6.79837067209776	0.6487252124645893	1.646788990825688	0.5933884297520661	0.8988195615514334	15.319148936170214	1.0723404255319149	2.0480349344978164	0.7647058823529411	21.766756032171582	1.0909090909090908	12.874551971326165	1.586080586080586	17.556451612903224	5.717948717948718	12.617486338797814	8.307692307692308	2.739130434782609
1.5677308024158758	0.031568228105906315	2.7875354107648724	0.4617737003058104	1.2479338842975207	0.8684654300168634	0.8317214700193424	1.2085106382978723	0.4650655021834061	1.2967914438502675	0.15281501340482573	0.8539944903581267	0.3046594982078853	0.1684981684981685	0.36693548387096775	0.8205128205128205	0.25136612021857924	0.05494505494505496	1.2608695652173914
0	0	0	0	0	0	0	0	0	0	0.005361930294906167	0	0.05376344086021505	0	0.012096774193548387	0	0	6.593406593406593	0.043478260869565216
0	0	0	0	0	0	0	0	0	0	0	0	0.007168458781362009	0	0.016129032258064516	0	0	5.054945054945055	0
0.32786885245901637	0.08655804480651731	0.13456090651558072	0.28134556574923547	0.12727272727272726	0.12310286677908938	0.41392649903288203	0.13829787234042554	0.23799126637554585	0.10160427807486631	0.8632707774798928	1.5206611570247934	0.25806451612903225	0.08424908424908426	0.4032258064516129	0.1641025641025641	0.11475409836065574	0.07692307692307693	0.2391304347826087
1.3494391716997411	0.5468431771894093	3.0325779036827196	0.9877675840978594	1.031404958677686	5.629005059021923	1.7176015473887813	8.87659574468085	1.3755458515283843	2.090909090909091	0.9758713136729222	2.520661157024793	0.982078853046595	1.2271062271062272	3.4798387096774195	1.2769230769230768	1.5027322404371584	0.7582417582417582	1.3043478260869565
0.03278688524590164	0.054989816700611	0.8626062322946175	0.27522935779816515	0.12396694214876033	0.7166947723440135	0.26499032882011603	1.5127659574468084	0.08078602620087336	3.27807486631016	0.4316353887399464	0.29476584022038566	0.035842293906810034	0.06227106227106227	0.04435483870967742	0.05128205128205128	0.7431693989071039	0.032967032967032975	0.30434782608695654
247.1251078515962	0.8686354378818737	8.143059490084985	266.83180428134557	7.5438016528925615	11.441821247892074	2.2688588007736943	5.2893617021276595	179.1048034934498	18.88235294117647	3.35656836461126	12.038567493112948	2.49820788530466	29.05860805860806	3.5362903225806455	2.9025641025641025	0.7704918032786885	9.857142857142858	182.58695652173913
0	0	0.00141643059490085	0.0015290519877675841	0.001652892561983471	0.003372681281618887	0.0038684719535783366	0	0.002183406113537118	0	0.005361930294906167	0	0.021505376344086023	0	0.008064516129032258	0	0	8.285714285714286	0.04347826086956523
2.8377911993097498	0.18635437881873726	8.23229461756374	0.8149847094801224	4.466115702479339	5.45362563237774	0.2765957446808511	5.008510638297873	1.1615720524017468	4.6310160427807485	0.08579088471849866	4.077134986225896	0.8602150537634409	3.758241758241758	0.532258064516129	0.6974358974358974	0.03825136612021859	0.5604395604395603	1.7391304347826086
0.7981018119068162	0.03971486761710794	1.9915014164305949	1.992354740061162	0.0628099173553719	1.4553119730185498	0.05415860735009671	2.048936170212766	1.2314410480349345	3.374331550802139	0.03485254691689008	0.696969696969697	0.06093189964157706	1.9926739926739927	0.10483870967741936	0.05128205128205128	0.0273224043715847	0.17582417582417584	0.9347826086956522
23.808455565142363	0.22912423625254583	6.8696883852691215	10.926605504587156	2.2082644628099173	7.084317032040472	0.3771760154738878	16.527659574468085	24.641921397379914	3.46524064171123	0.579088471849866	3.283746556473829	0.35842293906810035	7.556776556776557	0.6895161290322581	0.5692307692307692	0.08743169398907104	1.5054945054945055	18
1.5220017256255391	0.010183299389002037	0.0084985835694051	0.6819571865443425	0.1487603305785124	0.1045531197301855	0.05415860735009671	0.014893617021276596	0.759825327510917	0.013368983957219251	0.13672922252010725	0.05785123966942149	0.014336917562724014	0.23809523809523808	0.016129032258064516	0.005128205128205128	0.00546448087431694	0.01098901098901099	0.8913043478260869
0.6962899050905953	0.20366598778004075	0.5934844192634561	0.11009174311926606	0.24958677685950414	1.7774030354131534	0.2611218568665377	0.7978723404255319	0.24890829694323144	0.35294117647058826	0.5067024128686327	1.0798898071625345	1.028673835125448	0.4175824175824176	0.6008064516129032	0.5025641025641026	0.3114754098360656	0.8021978021978022	0.26086956521739135
